query_number,query_type,query,age_group,comments,image_count,answer,hint,query_nikud
1,הבנה,איפה האף של הילד?,2:00-2:06,,1,,הורים : הצביעו על האף שלכם ואז שאלו את הילד,
2,הבנה,איפה הכדור,2:00-2:06,,3,1,"עם מה אפשר לשחק מסירות, או לבעוט לשער",
3,הבנה,תראה לי ילד שישן,2:00-2:06,,2,2,"מחווה של ""לישון"" \עצימת עיניים",
4,הבנה,איפה הדובי הגדול?,2:00-2:06,,2,1,"מחוות ידיים של ""גדול"" ו""קטן""",
5,הבנה,איפה הדובי על הקופסא?,2:00-2:06,,3,2,ניתן להראות חפץ בסביבה הקרובה שנמצא מעל חפץ אחר. ,
6,הבנה,הצבע על כל החיות,2:00-2:06,,10,,"ניתן לתת רמזים ספציפים על כל חיה (קול, איפה שהיא גרה)",
7,הבעה,מה אלו? ,2:00-2:06,הילד צריך לתת שם לחפצים בתמונה,2,,ניתן לתת רמז ספיצפי לכל פריט,
8,הבעה,מה הילד עושה?,2:00-2:06,,1,,מחוה של תנועת נסיעה עם היד,
9,הבעה,מה הילד עושה?,2:00-2:06,ישן \ישן במיטה,1,,מחווה של תנועת ידיים של שינה,
10,הבעה,זה כדור קטן וזה?,2:00-2:06,"גדול
כדור גדול",1,,מחווה של תיאור גודל,
11,הבעה,מה הילד רוצה?,2:00-2:06,הפקת פועל לשתות מים,1,,"עודדו הפקת פועל. אם הילד אומר ""מים"" שאלו- מה הילד רוצה לעשות עם המים. ",
12,הבעה,זה החתול שלו וזה החתול? ,2:00-2:06,"הילד משתמש במילת היחס: ""שלה"" ",2,,הקראה עם אינטונציה לנקבה,
13,הבעה,איזה חיות אתה מכיר בתמונה?,2:00-2:06,"מזהה לפחות 3 חיות 
או משמיע את קולן",1,,ניתן להשמיע קולות חיות,
14,הבנה,איפה האוזן של הילד?,2:07-3:00,,1,,הצבעה על האוזן של המבוגר,
15,הבנה,איפה הדובי האדום?,2:07-3:00,,3,1,"הצבעה על דובי כחול ואמור:""זה דובי כחול איפה האדום?""",
16,הבנה,איפה הדובי בתוך הקופסא?,2:07-3:00,,3,1,ניתן להצביע על חפץ בסביבה הקרובה שנמצא בתוך חפץ אחר,
17,הבנה,איפה הילדה שמחזיקה בננה ביד?,2:07-3:00,,3,2,הקראה נוספת עם דגש על שם הפרי ועל מין הילדה,
18,הבנה,איפה ילד יושב?,2:07-3:00,,2,2,הקראה נוספת,
19,הבנה,מי שונה? מי לא מתאים לקבוצה?,2:07-3:00,,3,1,,
20,הבנה,איפה כל הצעצועים ? ,2:07-3:00,הצבעה נכונה לפחות על 4 תמונות,10,,ניתן לתת דוגמאות ספציפיות לכל צעצוע,
21,הבעה,מה אתה רואה בתמונה? ,2:07-3:00,הילד צריך להגיד את שמות כל החפצים,1,,"ניתן לתת צליל פותח של הפריט למשל (""מיכ"" למכנסיים)",
22,הבעה,"הילד אוכל בננה, והילדה?",2:07-3:00,"הילד מפיק פועל בנקבה
אוכלת
אוכלת בננה",2,,הקראה נוספת עם דגש לנקבה,
23,הבעה,מה הצבע של כל כדור?,2:07-3:00,מזהה לפחות 2 צבעים,3,,,
24,הבעה,מה זה?,2:07-3:00,"הילד משתמש ברבים או רבות לתאור הפריטים
בובות, חתולים, כדורים",1,,בובה אחת והרבה? ,
25,הבעה,לילד הזה יש דובי גדול וילד הזה יש? ,2:07-3:00,"דובי קטן
",2,,מחוות של גודל עם הידיים,
26,הבעה,מה הילד אומר לאמא?,2:07-3:00,"הפקת משפט פשוט והבעת רצונות
הוא רוצה עוגייה
אמא תביאי לי עוגייה",1,,"אם הילד אומר ""עוגייה"" נסו להכווין אותו לפועל: רוצה, תביאי לי וכו",
27,הבעה,"תגיד כמוני: הילדה שמחה כי היא קיבלה גלידה"".",2:07-3:00,יכולת לחקות משפט ,1,,הקריאו שוב לאט,
28,הבנה,איפה כל החיות ? ,3:00-4:00,,3,3,את מי אפשר ללטף,
29,הבנה,איפה הילדה שקר לה,3:00-4:00,,2,1,רמז ללבוש הילדה,
30,הבנה,איפה הדובי ליד הקופסא,3:00-4:00,,3,2,רמז על שני חפצים בסביבה הקרובה שהם אחד ליד ה אחד ליד שני,
31,הבנה,הצבע על הכדור הצהוב הגדול,3:00-4:00,,3,2,מחווה של גודל,
32,הבנה,מה חרוז של חלון?,3:00-4:00,,3,2,הקראה נוספת עם דגש על סוף המילה,
33,הבנה,מה תעשה אם הידיים שלך יהיו מלוכלכות?,3:00-4:00,עונה על שאלות היפוטתיות ,1,1,מחוה של שטיפת ידיים,
34,הבעה,למה הילדה בוכה?,3:00-4:00,"הסקת מסקנות 
כי\בגלל שהיא נפלה מהאופניים",1,,להכווין את הילד להסתכל על האופניים,
35,הבעה,"הילד מנסה להכין כריך עם שוקולד. תוכל להסביר את שלבי ההכנה?
מה קרה קודם ואחר כך ובסוף.",3:00-4:00,הילד מתאר הכנת סנדוויץ עם שוקולד ומשתמש בסדר הנכון,1,,,
36,הבעה,"מה קרה בהתחלה, באמצע ובסוף?",3:00-4:00,,1,,,
37,הבעה,ספר מה אתה רואה בתמונה,3:00-4:00,הפקת משפטים מחוברים וארוכים,1,,נסו להכווין את הילד להסתגל על הפעולות של כל הילדים בתמונה,
38,הבעה,לילדה קר. מה תעשה אם יהיה לך קר?,3:00-4:00,"הסקת מסקנות והפקת פועל בזמן עתיד
אני אלבש מעיל, אלבש בגדים ארוכים",1,,להכווין את הילד לבגדים,
39,הבעה,אתה יכול לספור לי את הארנבות?,3:00-4:00,מנייה וספירה תקינה,1,,מחווה של ספירה עם הידיים,
40,הבעה,מה עושים עם מגבת? ומה עושים עם מזלג?,3:00-4:00,"שיוך פעולה לחפץ
במגבת מתנגבים 
במזלג אוכלים",2,,"מחוות עם הידיים
או לתת דוגמא של צליל פותח:""מית.נגבים"".",
41,הבנה,ילדה אוכלת אגס גדול וירוק,4:00-5:00,הבנת הוראות מורכבות,3,1,מחווה של גדול עם הידיים,
42,הבנה,איפה ילדה שקיבלה גלידה מאמא,4:00-5:00,הבנת סביל ,2,2,להגיד: אמא  נותנת לה גלידה,
43,הבנה,עם מה מצחצחים?,4:00-5:00,הבנת פעולה,3,1,מחווה של צחצוח שיניים,
44,הבנה,איפה כדור כחול קטן מתחת לשולחן,4:00-5:00,,4,2,,
45,הבנה,ילדה עם שמלה אדומה ומטרייה סגורה,4:00-5:00,,3,1,,
46,הבנה,הצבע על הכלב לפני שאתה מצביע על החתול,4:00-5:00,,2,2->1,,
47,הבנה,מה שונה,4:00-5:00,,3,1,,
48,הבעה,למה הילד עצוב,4:00-5:00,,1,,,
49,הבעה,ספר מה קרה לפי הסדר,4:00-5:00,,1,,,
50,הבעה,אני אתן לך חידות ואתה תנחש מה זה?,4:00-5:00,,1,,,
51,הבעה,אני אתן לך חידות ואתה תנחש מה זה?,4:00-5:00,,1,,,
52,הבעה,מה מצחיק בתמונה?,4:00-5:00,,2,,,
53,הבעה,ספר שלושה דברים על המכונית,4:00-5:00,,1,,,
54,הבעה,ספר סיפור חופשי קצר- פעם אחת הלכתי לים ו...,4:00-5:00,הורים- הילד מספר לפחות 3 משפטים,1,,,
55,הבנה,הצבע מה יקרה אחר כך,5:00-6:00,,0,x1|2,,
56,הבנה,מי קיבל גלידה ראשון,5:00-6:00,,3,2,,
57,הבנה,מי כועס כי לקחו לו צעצוע,5:00-6:00,,3,3,,
58,הבנה,אם יש לך שני כדורים ואוסיף לך עוד שני כדורים. כמה כדורים יהיו לך,5:00-6:00,,3,1,,
59,הבנה,הצבע על חיה גדולה מחתול וקטנה מסוס,5:00-6:00,,4,4,,
60,הבנה,אנלוגיה-נעל:רגל זה כמו כפפה ו?,5:00-6:00,,3,3,,
61,הבנה,מי נרטב כי שכח מטרייה,5:00-6:00,,2,1,,
62,הבעה,מה הילד חושב?,5:00-6:00,,1,,,
63,הבעה,מה קרה לילדה? מה היא יכולה לשאול את אמא?,5:00-6:00,,1,,,
64,הבעה,בית מתחיל ב? ודלת מתחילה ב?,5:00-6:00,,1,,,
65,הבעה,ספר מה קרה לפי הסדר,5:00-6:00,,2,,,
66,הבעה,תקשיב לדוגמא: אם רוצים להגיד על משהו שהוא מאוד קר אז אומרים קר כמו...,5:00-6:00,,2,,,
67,הבעה,למה הילד רטוב? ומה הוא יכול לעשות?,5:00-6:00,,1,,,
68,הבעה,למה הילד מאוכזב?,5:00-6:00,,1,,,
69,הבעה,מה משותף לציפור ומטוס?,5:00-6:00,,2,,,
